episode,frame,step,loss,e,reward,rwd50avg,avgmaxQ
0,979,978,0,1,-21,-21,0.05154616
1,1842,863,0,1,-21,-21,0.05153295
2,2849,1007,0,1,-20,-20.67,0.051685058
3,3841,992,0,1,-20,-20.5,0.051507775
4,5030,1189,0,1,-17,-19.8,0.051562253
5,5931,901,0,1,-21,-20,0.051563207
6,6695,764,0,1,-21,-20.14,0.05142995
7,7800,1105,0,1,-19,-20,0.051552288
8,8642,842,0,1,-20,-20,0.051471382
9,9464,822,0,1,-21,-20.1,0.051620301
10,10441,977,0,1,-20,-20.09,0.051390301
11,11417,976,0,1,-21,-20.17,0.051479094
12,12181,764,0,1,-21,-20.23,0.051475644
13,13029,848,0,1,-21,-20.29,0.051453698
14,13793,764,0,1,-21,-20.33,0.051398348
15,14636,843,0,1,-20,-20.31,0.051533572
16,15549,913,0,1,-21,-20.35,0.051384751
17,16433,884,0,1,-21,-20.39,0.051479094
18,17476,1043,0,1,-19,-20.32,0.051481057
19,18300,824,0,1,-21,-20.35,0.051507257
20,19190,890,0,1,-21,-20.38,0.051496141
21,19954,764,0,1,-21,-20.41,0.051617268
22,20869,915,0,1,-21,-20.43,0.051594544
23,21861,992,0,1,-20,-20.42,0.051547162
24,22844,983,0,1,-20,-20.4,0.051448196
25,23664,820,0,1,-21,-20.42,0.051460676
26,24447,783,0,1,-21,-20.44,0.051463548
27,25271,824,0,1,-21,-20.46,0.051414702
28,26095,824,0,1,-21,-20.48,0.051478971
29,26888,793,0,1,-21,-20.5,0.051571898
30,27652,764,0,1,-21,-20.52,0.051507171
31,28571,919,0,1,-20,-20.5,0.051442899
32,29693,1122,0,1,-20,-20.48,0.051672462
33,30547,854,0,1,-21,-20.5,0.051404286
34,31584,1037,0,1,-19,-20.46,0.051600531
35,32468,884,0,1,-21,-20.47,0.051279258
36,33449,981,0,1,-20,-20.46,0.051638689
37,34232,783,0,1,-21,-20.47,0.051436998
38,35176,944,0,1,-20,-20.46,0.051531825
39,36018,842,0,1,-20,-20.45,0.051613428
40,36939,921,0,1,-20,-20.44,0.051675364
41,38021,1082,0,1,-19,-20.4,0.051623177
42,38873,852,0,1,-21,-20.42,0.051570263
43,39835,962,0,1,-20,-20.41,0.051646974
44,40696,861,0,1,-20,-20.4,0.051408712
45,41522,826,0,1,-21,-20.41,0.051469021
46,42286,764,0,1,-21,-20.43,0.051537205
47,43307,1021,0,1,-21,-20.44,0.051492456
48,44516,1209,0,1,-19,-20.41,0.051663511
49,45811,1295,0,1,-19,-20.38,0.051625539
50,46699,888,0,1,-21,-20.38,0.051477261
51,47551,852,0,1,-21,-20.38,0.051548552
52,48343,792,0,1,-21,-20.4,0.051526301
53,49388,1045,0,1,-20,-20.4,0.051533382
54,50318,930,0.000565789,1,-20,-20.46,0.008227041
55,51239,921,0.000566052,0.9997138,-19,-20.42,-0.109660096
56,52218,979,0.001122944,0.9988849,-19,-20.38,-0.110031448
57,53126,908,0.000573773,0.9980038,-21,-20.42,-0.12213736
58,54182,1056,0.000101953,0.9971866,-20,-20.42,-0.11754974
59,55075,893,0.002965491,0.9962362,-20,-20.4,-0.125816271
60,55961,886,7.77E-05,0.9954325,-21,-20.42,-0.124241367
61,56814,853,0.00044048,0.9946351,-21,-20.42,-0.12163195
62,57684,870,0.001359677,0.9938674,-20,-20.4,-0.089278698
63,58524,840,0.000263965,0.9930844,-21,-20.4,-0.071529962
64,59583,1059,2.15E-05,0.9923284,-18,-20.34,-0.001658784
65,60431,848,8.13E-05,0.9913753,-21,-20.36,0.012229566
66,61304,873,0.00025115,0.9906121,-20,-20.34,-0.006033918
67,62284,980,1.62E-05,0.9898264,-21,-20.34,0.012886487
68,63076,792,1.41E-05,0.9889444,-21,-20.38,0.007066077
69,64189,1113,0.001003304,0.9882316,-19,-20.34,-0.015672801
70,65103,914,4.93E-06,0.9872299,-21,-20.34,0.028706111
71,65929,826,0.001477876,0.9864073,-21,-20.34,0.023706086
72,66721,792,4.96E-05,0.9856639,-21,-20.34,0.02290797
73,67782,1061,0.000833583,0.9849511,-20,-20.34,0.008774922
74,68703,921,0.000355747,0.9839962,-20,-20.34,-0.001212389
75,69555,852,1.68E-05,0.9831673,-21,-20.34,-0.008609284
76,70409,854,0.000755428,0.9824005,-21,-20.34,-0.014567407
77,71192,783,1.67E-06,0.9816319,-21,-20.34,-0.018461328
78,72160,968,0.000162991,0.9809272,-21,-20.34,-0.013507392
79,73044,884,9.60E-06,0.980056,-21,-20.34,-0.031966213
80,74052,1008,0.001056801,0.9792604,-21,-20.34,-0.013742956
81,74872,820,0.000107797,0.9783532,-21,-20.36,-0.004188383
82,75791,919,6.19E-05,0.9776152,-20,-20.36,-0.011749428
83,76759,968,5.73E-05,0.9767881,-20,-20.34,-0.025071757
84,77732,973,1.22E-05,0.9759169,-21,-20.38,-0.03830393
85,78678,946,2.32E-05,0.9750412,-20,-20.36,-0.009702795
86,79659,981,7.03E-06,0.9741898,-19,-20.34,-0.027305057
87,80547,888,1.98E-05,0.9733069,-20,-20.32,-0.022981798
88,81420,873,3.19E-05,0.9725077,-21,-20.34,0.00252133
89,82262,842,2.22E-05,0.971722,-20,-20.34,0.021962214
90,83212,950,1.26E-05,0.9709642,-20,-20.34,0.011804792
91,84196,984,8.69E-05,0.9701092,-20,-20.36,0.01076883
92,85021,825,1.07E-05,0.9692236,-21,-20.36,-0.005908141
93,85869,848,4.52E-05,0.9684811,-21,-20.38,0.013079545
94,87025,1156,2.36E-05,0.9677179,-18,-20.34,0.011046696
95,88142,1117,0.000108363,0.9666775,-18,-20.28,0.003361044
96,89210,1068,8.35E-06,0.9656722,-20,-20.26,0.00771422
97,90131,921,0.000470997,0.964711,-20,-20.24,0.012198267
98,91044,913,2.59E-05,0.9638821,-21,-20.28,-0.004710271
99,92021,977,2.03E-05,0.9630604,-21,-20.32,-0.036941342
100,92863,842,5.55E-06,0.9621811,-20,-20.3,0.002648405
101,93792,929,1.68E-05,0.9614233,-21,-20.3,0.008345292
102,94616,824,6.30E-06,0.9605872,-21,-20.3,0.001236072
103,95594,978,0.000479393,0.9598456,-19,-20.28,-0.012295138
104,96358,764,1.02E-05,0.9589654,-21,-20.3,-0.003376717
105,97211,853,0.000722268,0.9582778,-21,-20.34,-0.030848071
106,98054,843,1.90E-05,0.9575101,-20,-20.36,-0.020904237
107,98938,884,4.75E-05,0.9567514,-21,-20.36,0.002863751
108,99853,915,3.65E-05,0.9559558,-21,-20.38,-0.012851412
109,100645,792,5.09E-05,0.9551323,-21,-20.4,-0.002001007
110,101498,853,1.69E-05,0.9544195,-21,-20.4,-0.024114378
111,102440,942,4.96E-06,0.9536518,-21,-20.4,-0.012484581
112,103499,1059,1.99E-05,0.952804,-19,-20.38,-0.009313311
113,104413,914,1.09E-05,0.9518509,-21,-20.38,-0.01599865
114,105300,887,2.91E-05,0.9510283,-20,-20.42,0.012997893
115,106345,1045,1.40E-05,0.95023,-18,-20.36,0.000367826
116,107217,872,0.000204382,0.9492895,-20,-20.36,-0.021970924
117,108198,981,5.19E-06,0.9485047,-20,-20.34,-0.022508679
118,109023,825,1.31E-05,0.9476218,-21,-20.34,0.020310346
119,109806,783,5.35E-06,0.9468793,-21,-20.38,-0.019375039
120,110819,1013,2.92E-05,0.9461746,-19,-20.34,0.009892257
121,111765,946,1.31E-05,0.9452629,-21,-20.34,-0.026549943
122,112619,854,5.93E-06,0.9444115,-21,-20.34,0.0162498
123,113443,824,0.000117049,0.9436429,-21,-20.36,0.027464669
124,114427,984,2.74E-06,0.9429013,-19,-20.34,0.022293622
125,115496,1069,5.47E-06,0.9420157,-20,-20.32,-0.024936428
126,116539,1043,2.77E-05,0.9410536,-20,-20.3,-0.007807652
127,117532,993,7.74E-06,0.9401149,-21,-20.3,0.007016416
128,118558,1026,5.43E-06,0.9392212,-19,-20.26,0.021030977
129,119668,1110,2.85E-05,0.9382978,-19,-20.22,0.004555233
130,120460,792,3.56E-05,0.9372988,-21,-20.22,0.006617866
131,121496,1036,0.000334233,0.936586,-20,-20.2,0.030296439
132,122320,824,1.98E-05,0.9356536,-21,-20.22,0.080330461
133,123145,825,3.08E-05,0.934912,-21,-20.24,0.085938871
134,123909,764,3.85E-06,0.9341695,-21,-20.24,0.076838896
135,124925,1016,5.64E-06,0.9334819,-20,-20.24,0.077787489
136,125727,802,2.68E-05,0.9325675,-21,-20.28,0.084067822
137,126753,1026,3.76E-05,0.9318457,-20,-20.28,0.072074428
138,127624,871,4.89E-06,0.9309223,-20,-20.26,0.023567943
139,128467,843,1.90E-05,0.9301384,-20,-20.26,0.062252764
140,129371,904,3.94E-05,0.9293797,-21,-20.28,0.053522747
141,130352,981,1.30E-05,0.9285661,-20,-20.28,0.041381769
142,131267,915,5.26E-06,0.9276832,-21,-20.28,-0.004999402
143,132109,842,1.01E-05,0.9268597,-20,-20.26,0.072296098
144,133022,913,0.000514018,0.9261019,-21,-20.32,0.102886975
145,133874,852,8.08E-06,0.9252802,-21,-20.38,0.027890684
146,135214,1340,6.33E-05,0.9245134,-20,-20.38,0.06942118
147,135978,764,1.32E-05,0.9233074,-21,-20.4,0.071644247
148,136960,982,1.01E-05,0.9226198,-20,-20.38,0.029618407
149,137840,880,3.09E-06,0.921736,-21,-20.38,0.051463131
150,138632,792,2.72E-06,0.920944,-21,-20.4,0.077682316
151,139571,939,2.19E-05,0.9202312,-19,-20.36,0.062963426
152,140335,764,3.67E-05,0.9193861,-21,-20.36,0.067694806
153,141376,1041,5.32E-06,0.9186985,-19,-20.36,0.07790602
154,142226,850,7.60E-06,0.9177616,-21,-20.36,0.084019274
155,143138,912,3.44E-06,0.9169966,-21,-20.36,0.049508199
156,144010,872,3.09E-06,0.9161758,-20,-20.36,0.048214041
157,144912,902,7.16E-06,0.915391,-20,-20.34,0.015136985
158,145676,764,1.10E-05,0.9145792,-21,-20.34,0.068859369
159,146555,879,2.76E-06,0.9138916,-20,-20.32,0.065450087
160,147428,873,5.21E-06,0.9131005,-21,-20.32,0.020686695
161,148391,963,3.66E-06,0.9123148,-19,-20.28,0.019639535
162,149383,992,7.48E-06,0.9114481,-19,-20.28,0.032202691
163,150315,932,4.17E-06,0.9105553,-20,-20.26,0.053488385
164,151417,1102,1.82E-05,0.9097165,-20,-20.26,0.130553469
165,152347,930,2.40E-05,0.9087247,-20,-20.3,0.033844601
166,153167,820,5.83E-06,0.9078877,-21,-20.32,0.035266526
167,154370,1203,7.18E-06,0.9071497,-19,-20.3,0.115721755
168,155301,931,1.18E-06,0.906067,-20,-20.28,0.106680065
169,156200,899,2.74E-06,0.9052291,-20,-20.26,0.11860472
170,157094,894,6.75E-07,0.90442,-20,-20.28,0.117155634
171,158004,910,2.55E-06,0.9036154,-21,-20.28,0.102186486
172,158921,917,4.96E-06,0.9027964,-20,-20.26,0.05314374
173,159822,901,1.70E-05,0.9019711,-20,-20.24,0.117308624
174,160974,1152,1.30E-06,0.9011602,-21,-20.28,0.096016139
175,161937,963,8.47E-06,0.9001234,-20,-20.28,0.048132721
176,163074,1137,1.15E-05,0.8992567,-18,-20.24,0.135438427
177,164008,934,1.40E-05,0.8982334,-19,-20.2,0.058134869
178,164878,870,2.62E-06,0.8973928,-20,-20.22,0.081566639
179,165840,962,1.72E-06,0.8966098,-20,-20.24,0.044408955
180,166753,913,6.64E-06,0.895744,-21,-20.24,0.038272534
181,167536,783,4.14E-06,0.8949223,-21,-20.26,0.013324457
182,168416,880,2.31E-05,0.8942176,-21,-20.26,0.135181308
183,169240,824,5.58E-06,0.8934256,-21,-20.26,0.049496245
184,170185,945,1.29E-06,0.892684,-19,-20.22,0.11505314
185,171206,1021,2.63E-06,0.8918335,-20,-20.22,0.142496139
186,172049,843,2.16E-06,0.8909146,-21,-20.22,0.045398459
187,172841,792,1.92E-05,0.8901559,-21,-20.24,0.076211892
188,173652,811,4.18E-06,0.8894431,-21,-20.26,0.079909317
189,174556,904,6.79E-06,0.8887132,-20,-20.26,0.062569432
190,175440,884,8.79E-06,0.8878996,-21,-20.26,0.112347595
191,176288,848,3.53E-06,0.887104,-21,-20.28,0.007990063
192,177210,922,5.42E-07,0.8863408,-20,-20.26,0.129599884
193,178091,881,2.77E-05,0.885511,-21,-20.28,0.094763264
194,179068,977,1.11E-06,0.8847181,-20,-20.26,0.074889109
195,179980,912,3.58E-06,0.8838388,-21,-20.26,0.01290976
196,180859,879,3.71E-05,0.883018,-20,-20.26,0.118031166
197,181916,1057,1.72E-06,0.8822269,-19,-20.22,0.13663511
198,182821,905,8.64E-06,0.8812756,-21,-20.24,0.044717178
199,183673,852,4.52E-06,0.8804611,-21,-20.24,0.039628465
200,184525,852,1.52E-05,0.8796943,-21,-20.24,0.12587817
201,185353,1053,3.65E-06,0.8692,-20,-20.26,0.139162481
202,186225,872,6.15E-06,0.8684548,-20,-20.24,0.066217668
203,187295,1070,2.74E-06,0.86767,-20,-20.26,0.162147105
204,188119,824,1.49E-05,0.866707,-21,-20.26,0.131223008
205,188883,764,3.56E-06,0.8659654,-21,-20.26,0.10697142
206,189830,947,4.07E-06,0.8652778,-21,-20.28,0.079830185
207,190682,852,6.24E-06,0.8644255,-21,-20.3,0.046772465
208,191570,888,8.46E-06,0.8636587,-20,-20.28,0.11350403
209,192713,1143,3.49E-06,0.8628595,-19,-20.26,0.155859649
210,193643,930,9.54E-06,0.8618308,-20,-20.24,0.072136767
211,194723,1080,1.76E-05,0.8609938,-20,-20.26,0.124111205
212,195729,1006,2.29E-05,0.8600218,-21,-20.3,0.093896598
213,196825,1096,1.17E-05,0.8591164,-19,-20.28,0.196298078
214,197649,824,1.60E-05,0.85813,-21,-20.3,0.105175294
215,198493,844,8.02E-06,0.8573884,-21,-20.32,0.096442036
216,199444,951,7.82E-07,0.8566288,-20,-20.3,0.081035078
217,200527,1083,7.49E-06,0.8557729,-20,-20.32,0.202678278
218,201527,1000,7.96E-07,0.8547982,-20,-20.32,0.157770798
219,202674,1147,3.70E-06,0.8538982,-19,-20.3,0.199728653
220,203634,960,2.60E-06,0.8528659,-20,-20.3,0.162987307
221,204621,987,4.36E-06,0.8520019,-20,-20.28,0.168315515
222,205782,1161,5.78E-06,0.8511136,-19,-20.26,0.145643532
223,206875,1093,6.81E-06,0.8500687,-21,-20.28,0.156088248
224,207853,978,1.35E-05,0.849085,-20,-20.26,0.081794754
225,208830,977,4.27E-06,0.8482048,-20,-20.26,0.11672356
226,209792,962,3.92E-05,0.8473255,-21,-20.32,0.120130993
227,210884,1092,1.73E-06,0.8464597,-21,-20.36,0.133925438
228,211873,989,4.01E-06,0.8454769,-21,-20.38,0.140003875
229,212665,792,9.56E-06,0.8445868,-21,-20.4,0.082921252
230,213485,820,2.47E-05,0.843874,-21,-20.4,0.114651203
231,214470,985,5.79E-06,0.843136,-20,-20.38,0.121092312
232,215378,908,2.09E-05,0.8422495,-20,-20.36,0.081435539
233,216265,887,1.21E-06,0.8414323,-20,-20.34,0.130164176
234,217309,1044,5.00E-06,0.840634,-21,-20.38,0.128725335
235,218369,1060,3.35E-05,0.8396944,-21,-20.4,0.131989092
236,219587,1218,8.60E-07,0.8387404,-19,-20.36,0.19228366
237,220548,961,1.45E-05,0.8376442,-21,-20.36,0.090031847
238,221760,1212,1.56E-05,0.8367793,-19,-20.32,0.190422103
239,222801,1041,5.70E-06,0.8356885,-21,-20.34,0.114380218
240,223943,1142,1.25E-05,0.8347516,-19,-20.3,0.159116849
241,224917,974,4.27E-05,0.8337238,-21,-20.3,0.086064115
242,225766,849,6.60E-06,0.8328472,-21,-20.32,0.122953802
243,227006,1240,8.83E-06,0.8320831,-19,-20.28,0.233333364
244,228042,1036,7.53E-06,0.8309671,-19,-20.26,0.146598473
245,229197,1155,8.37E-06,0.8300347,-18,-20.2,0.209451348
246,230596,970,9.49E-06,0.8296139,-21,-20.22,0.207812086
247,231707,1111,5.51E-06,0.8287409,-19,-20.22,0.196781814
248,232684,977,3.13E-06,0.827741,-20,-20.2,0.134972245
249,233931,1247,5.03E-07,0.8268617,-19,-20.16,0.220690399
250,234755,824,7.17E-05,0.8257394,-21,-20.16,0.035875548
251,235712,957,3.81E-06,0.8249978,-21,-20.18,0.160093561
252,236689,977,6.66E-06,0.8241365,-20,-20.18,0.091741897
253,237712,1023,5.14E-06,0.8232572,-21,-20.2,0.152244806
254,238789,1077,6.52E-06,0.8223365,-20,-20.18,0.172285318
255,239759,970,4.60E-06,0.8213672,-21,-20.18,0.166658029
256,240901,1142,2.67E-06,0.8204942,-20,-20.16,0.260480344
257,241883,982,5.50E-05,0.8194664,-19,-20.12,0.156167865
258,242867,984,4.68E-06,0.8185826,-21,-20.14,0.183696091
259,244058,1191,2.88E-05,0.817697,-19,-20.14,0.239629865
260,245004,946,1.88E-05,0.8166251,-21,-20.16,0.113501303
261,246219,1215,0.000138034,0.8157737,-18,-20.12,0.22600098
262,247163,944,8.87E-06,0.8146802,-20,-20.1,0.15611513
263,247987,824,7.04E-06,0.8138306,-21,-20.14,0.143599719
264,248878,891,5.14E-06,0.813089,-21,-20.14,0.133990884
265,250090,1212,9.86E-06,0.8122871,-20,-20.12,0.251993001
266,251023,933,1.95E-05,0.8111963,-20,-20.12,0.203886732
267,252118,1095,2.50E-06,0.8103566,-19,-20.1,0.255201519
268,253138,1020,3.64E-06,0.8093711,-20,-20.1,0.213105917
269,254438,1300,2.49E-06,0.8084531,-21,-20.14,0.291802943
270,255310,872,4.97E-06,0.8072831,-21,-20.16,0.062769368
271,256514,1204,1.66E-05,0.8064983,-17,-20.1,0.259925812
272,257782,1268,4.27E-06,0.8054147,-19,-20.1,0.292707086
273,258816,1034,8.91E-06,0.8042735,-19,-20.06,0.18679361
274,259824,1008,3.92E-05,0.8033429,-20,-20.06,0.169955611
275,261128,1304,1.69E-06,0.8024357,-19,-20.04,0.315082014
276,262120,992,1.68E-06,0.8012621,-20,-20.02,0.254257202
277,263016,896,1.97E-05,0.8003693,-20,-20,0.141798288
278,263858,842,1.63E-05,0.7995629,-21,-20,0.097818509
279,265083,1225,4.05E-06,0.7988051,-20,-19.98,0.300382257
280,266302,1219,8.51E-06,0.7977026,-20,-19.96,0.305042297
281,267348,1046,3.94E-05,0.7966055,-20,-19.96,0.228334829
282,268292,944,0.000132178,0.7956641,-21,-19.98,0.242318004
283,269329,1037,1.55E-05,0.7948145,-19,-19.96,0.285522461
284,270309,980,8.65E-07,0.7938812,-21,-19.96,0.267103434
285,271264,955,0.000107159,0.7929992,-21,-19.96,0.262268871
286,272232,968,1.65E-05,0.7921397,-21,-20,0.191388711
287,273317,1085,3.65E-05,0.7912685,-19,-19.96,0.287873596
288,274229,912,4.16E-05,0.790292,-21,-20,0.220401719
289,275208,979,2.35E-05,0.7894712,-20,-19.98,0.182020947
290,276110,902,8.64E-05,0.7885901,-20,-20,0.228541851
291,277080,970,4.26E-06,0.7877783,-21,-20,0.288748205
292,278074,994,1.02E-05,0.7869053,-21,-20,0.27611658
293,279179,1105,6.83E-05,0.7860107,-21,-20.04,0.305244207
294,280253,1074,0.000179245,0.7850162,-18,-20.02,0.287325144
295,281385,1132,5.96E-06,0.7840496,-19,-20.04,0.341684401
296,282680,1295,2.01E-05,0.7830308,-18,-19.98,0.349113494
297,283723,1043,4.83E-06,0.7818653,-18,-19.96,0.282130361
298,284778,1055,7.72E-05,0.7809266,-20,-19.96,0.268341541
299,285941,1163,1.06E-05,0.7799771,-20,-19.98,0.359611124
300,287105,1164,1.07E-05,0.7789304,-21,-19.98,0.337410361
301,288083,978,4.83E-05,0.7778828,-21,-19.98,0.318094403
302,289237,1154,0.000100611,0.7770026,-17,-19.92,0.295423687
303,290444,1207,1.65E-06,0.775964,-19,-19.88,0.364421546
304,291534,1090,2.04E-06,0.7748777,-21,-19.9,0.312208444
305,292674,1140,1.17E-05,0.7738967,-19,-19.86,0.323353082
306,293864,1190,0.000144382,0.7728707,-20,-19.86,0.360865772
307,294840,976,3.62E-06,0.7717997,-21,-19.9,0.279648691
308,295914,1074,1.75E-05,0.7709213,-19,-19.86,0.325540453
309,296884,970,2.83E-06,0.7699547,-21,-19.9,0.301171184
310,297991,1107,1.35E-05,0.7690817,-21,-19.9,0.352931201
311,299028,1037,6.38E-05,0.7680854,-19,-19.92,0.306756675
312,300378,1350,3.22E-05,0.7671521,-20,-19.92,0.414029628
313,301533,1155,1.91E-05,0.7659371,-20,-19.9,0.356539369
314,302743,1210,3.19E-05,0.7648976,-21,-19.9,0.375283927
315,303971,1228,7.20E-05,0.7638086,-20,-19.9,0.388715774
316,305204,1233,2.21E-05,0.7627034,-20,-19.9,0.367283344
317,306110,906,2.02E-06,0.7615937,-20,-19.92,0.159768432
318,307163,1053,0.000155636,0.7607783,-21,-19.94,0.335920572
319,308173,1010,8.82E-07,0.7598306,-20,-19.92,0.313636452
320,309319,1146,8.73E-05,0.7589216,-19,-19.88,0.35662204
321,310388,1069,4.45E-06,0.7578902,-20,-19.94,0.303726137
322,311886,1498,6.81E-06,0.7569281,-19,-19.94,0.449230939
323,313187,1301,1.89E-05,0.7555799,-18,-19.92,0.401995927
324,314269,1082,3.38E-05,0.754409,-20,-19.92,0.36961174
325,315141,872,3.31E-05,0.7534352,-21,-19.96,0.206777081
326,316673,1532,0.000149086,0.7526504,-17,-19.9,0.434732616
327,318042,1369,3.08E-05,0.7512716,-18,-19.86,0.465982646
328,319408,1366,2.77E-05,0.7500395,-19,-19.82,0.464094758
329,320737,1329,7.22E-06,0.7488101,-19,-19.8,0.40933454
330,321961,1224,7.93E-05,0.747614,-18,-19.76,0.409783721
331,323055,1094,1.12E-05,0.7465124,-20,-19.76,0.390529841
332,323943,888,1.19E-05,0.7455278,-21,-19.76,0.264470994
333,325093,1150,0.000100157,0.7447286,-21,-19.8,0.463251412
334,326132,1039,1.03E-05,0.7436936,-20,-19.78,0.438391566
335,327395,1263,1.13E-05,0.7427585,-19,-19.74,0.428772748
336,328673,1278,3.31E-05,0.7416218,-20,-19.72,0.479055882
337,329993,1320,5.23E-05,0.7404716,-19,-19.72,0.477582514
338,331322,1329,3.22E-05,0.7392836,-21,-19.72,0.473307431
339,332281,959,8.35E-05,0.7380875,-20,-19.72,0.284383744
340,333560,1279,5.64E-05,0.7372244,-19,-19.7,0.459433675
341,334648,1088,5.38E-06,0.7360733,-20,-19.68,0.454693407
342,335727,1079,5.98E-06,0.7350941,-21,-19.68,0.394990176
343,336817,1090,1.23E-05,0.734123,-19,-19.64,0.423301816
344,338000,1183,8.33E-06,0.733142,-19,-19.66,0.446451694
345,339078,1078,2.17E-05,0.7320773,-21,-19.7,0.431440741
346,340340,1262,8.01E-06,0.7311071,-19,-19.72,0.445924103
347,341378,1038,9.68E-05,0.7299713,-21,-19.78,0.413884372
348,342315,937,0.000246874,0.7290371,-21,-19.8,0.30150035
349,343473,1158,7.44E-06,0.7281938,-18,-19.76,0.414971709
350,344736,1263,1.91E-06,0.7271516,-19,-19.72,0.460927725
351,346105,1369,4.14E-05,0.7260149,-17,-19.64,0.478352189
352,347245,1140,1.42E-05,0.7247828,-20,-19.7,0.482994735
353,348367,1122,1.29E-05,0.7237568,-18,-19.68,0.370889008
354,349472,1105,2.65E-05,0.722747,-21,-19.68,0.485130072
355,350760,1288,2.39E-05,0.7217525,-17,-19.64,0.523893297
356,351932,1172,6.08E-06,0.7205933,-20,-19.64,0.539829612
357,353311,1379,1.22E-05,0.7195385,-17,-19.56,0.549121022
358,354600,1289,3.43E-05,0.7182974,-19,-19.56,0.532767475
359,355508,908,1.02E-05,0.7171373,-21,-19.56,0.498067826
360,356875,1367,2.08E-05,0.7163201,-16,-19.46,0.513653994
361,357923,1048,1.52E-05,0.7150898,-20,-19.48,0.462535024
362,359186,1263,7.53E-06,0.7141466,-20,-19.48,0.532460332
363,360522,1336,1.44E-05,0.7130099,-20,-19.48,0.583322644
364,361894,1372,1.55E-05,0.7118075,-18,-19.42,0.591887414
365,362829,935,7.02E-06,0.7105727,-21,-19.44,0.360790342
366,363916,1087,5.95E-06,0.7097312,-19,-19.42,0.462274641
367,365170,1254,3.47E-05,0.7087529,-18,-19.38,0.564696074
368,366431,1261,2.26E-05,0.7076243,-18,-19.32,0.529594719
369,367628,1197,4.62E-05,0.7064894,-18,-19.28,0.470459998
370,368843,1215,2.39E-05,0.7054121,-19,-19.28,0.512078404
371,370493,1202,3.33E-05,0.7050089,-21,-19.3,0.574785829
372,371852,1359,6.45E-06,0.7039271,-17,-19.26,0.56698364
373,373190,1338,5.15E-06,0.702704,-17,-19.24,0.582724094
374,374253,1063,0.000359585,0.7014998,-21,-19.26,0.552352905
375,375827,1574,2.02E-05,0.7005431,-15,-19.14,0.620833397
376,377059,1232,1.68E-05,0.6991265,-21,-19.22,0.607213974
377,378255,1196,8.77E-06,0.6980177,-19,-19.24,0.538440347
378,379852,1597,5.49E-05,0.6969413,-18,-19.22,0.684405446
379,381266,1414,1.45E-05,0.695504,-18,-19.2,0.656642556
380,382353,1087,1.79E-05,0.6942314,-19,-19.22,0.572670817
381,383491,1138,0.000172435,0.6932531,-20,-19.22,0.608605266
382,384600,1109,2.47E-05,0.6922289,-20,-19.2,0.593714356
383,385885,1285,1.62E-05,0.6912308,-17,-19.12,0.623734832
384,386925,1040,2.65E-05,0.6900743,-21,-19.14,0.553679466
385,388220,1295,9.89E-06,0.6891383,-18,-19.12,0.665946066
386,389269,1049,3.02E-05,0.6879728,-20,-19.12,0.609761238
387,390269,1000,1.87E-05,0.6870287,-21,-19.16,0.628480196
388,391613,1344,3.32E-05,0.6861287,-18,-19.1,0.672311425
389,392771,1158,3.70E-05,0.6849191,-20,-19.1,0.673448682
390,393811,1040,2.33E-05,0.6838769,-20,-19.12,0.646910071
391,394816,1005,1.71E-05,0.6829409,-20,-19.12,0.641469061
392,395870,1054,9.94E-06,0.6820364,-21,-19.12,0.640622735
393,397345,1475,8.11E-05,0.6810878,-19,-19.12,0.72864002
394,398528,1183,2.61E-05,0.6797603,-20,-19.14,0.665447652
395,399987,1459,3.33E-05,0.6786956,-18,-19.08,0.747410059
396,401323,1336,2.69E-05,0.6773825,-20,-19.1,0.765082657
397,403043,1720,2.23E-05,0.6761801,-15,-18.98,0.818450987
398,404467,1424,0.000108419,0.6746321,-17,-18.9,0.77476263
399,405630,1163,0.000223554,0.6733505,-20,-18.94,0.720194995
400,406992,1362,7.25E-06,0.6723038,-19,-18.94,0.745740175
401,408331,1339,0.000154018,0.671078,-20,-19,0.732465744
402,409764,1433,0.00016105,0.6698729,-18,-18.96,0.807177961
403,411133,1369,3.58E-05,0.6685832,-17,-18.94,0.783268511
404,412638,1505,5.73E-05,0.6673511,-19,-18.9,0.77474618
405,414018,1380,1.74E-05,0.6659966,-19,-18.94,0.790988207
406,415530,1512,8.48E-05,0.6647546,-18,-18.9,0.791826427
407,417108,1578,4.08E-05,0.6633938,-17,-18.9,0.810747564
408,418619,1511,8.10E-06,0.6619736,-20,-18.92,0.796425343
409,420203,1584,5.81E-05,0.6606137,-17,-18.84,0.831644833
410,421559,1356,7.06E-05,0.6591881,-19,-18.9,0.797858834
411,422772,1213,1.62E-05,0.6579677,-18,-18.86,0.804670691
412,424101,1329,1.20E-05,0.656876,-17,-18.8,0.831236899
413,425132,1031,9.11E-06,0.6556799,-20,-18.8,0.730967104
414,426450,1318,3.23E-05,0.654752,-19,-18.82,0.783385754
415,427856,1406,1.29E-05,0.6535658,-20,-18.8,0.817456424
416,429145,1289,4.15E-05,0.6523004,-19,-18.8,0.79507494
417,430382,1237,2.22E-05,0.6511403,-19,-18.82,0.803250492
418,431681,1299,2.49E-05,0.650027,-18,-18.82,0.814049959
419,433009,1328,3.05E-05,0.6488579,-17,-18.8,0.802558601
420,434262,1253,2.15E-05,0.6476627,-19,-18.8,0.800587595
421,435779,1517,0.000274636,0.646535,-19,-18.76,0.876092196
422,437506,1727,3.50E-05,0.6451697,-17,-18.76,0.87916249
423,438919,1413,2.65E-05,0.6436154,-19,-18.8,0.858205259
424,439902,983,9.41E-06,0.6423437,-19,-18.76,0.78468293
425,441624,1722,6.62E-05,0.641459,-17,-18.8,0.923329353
426,442975,1351,4.02E-06,0.6399092,-17,-18.72,0.858650148
427,444471,1496,1.43E-05,0.6386933,-19,-18.72,0.903690577
428,445872,1401,3.94E-05,0.6373469,-21,-18.78,0.895117581
429,447173,1301,1.01E-05,0.636086,-18,-18.78,0.877842426
430,448684,1511,9.72E-06,0.6349151,-18,-18.76,0.889040828
431,450117,1433,3.48E-05,0.6335552,-18,-18.72,0.911181867
432,451579,1462,2.53E-05,0.6322655,-19,-18.7,0.943411708
433,453472,1893,2.08E-05,0.6309497,-16,-18.68,0.957472205
434,454526,1054,5.94E-05,0.629246,-21,-18.68,0.784848332
435,455667,1141,9.26E-05,0.6282974,-21,-18.74,0.829301298
436,456896,1229,0.000133111,0.6272705,-19,-18.72,0.841710687
437,458121,1225,9.17E-05,0.6261644,-19,-18.68,0.922476113
438,460037,1916,0.00010781,0.6250619,-14,-18.6,0.996350229
439,461931,1894,3.46E-05,0.6233375,-13,-18.46,1.002329707
440,463532,1601,1.64E-05,0.6216329,-18,-18.42,0.984811604
441,464714,1182,0.000275799,0.620192,-20,-18.42,0.922772467
442,466205,1491,0.001068322,0.6191282,-17,-18.34,0.970954061
443,467729,1524,1.81E-05,0.6177863,-18,-18.32,0.983859062
444,469199,1470,2.18E-05,0.6164147,-18,-18.28,1.002669811
445,470637,1438,7.49E-06,0.6150917,-17,-18.26,1.035301805
446,471814,1177,1.18E-05,0.6137975,-20,-18.26,1.011214495
447,473286,1472,6.27E-05,0.6127382,-16,-18.28,1.014792442
448,475037,1751,1.44E-05,0.6114134,-16,-18.26,1.074597955
449,476393,1356,8.88E-06,0.6098375,-20,-18.26,1.034014463
450,477854,1461,3.40E-05,0.6086171,-17,-18.22,1.026560426
451,479507,1653,2.52E-05,0.6073022,-17,-18.16,1.061890602
452,480704,1197,2.31E-05,0.6058145,-21,-18.22,1.040088415
453,482069,1365,7.12E-05,0.6047372,-16,-18.2,1.084591627
454,483312,1243,1.01E-05,0.6035087,-20,-18.22,1.060601473
455,484610,1298,7.11E-05,0.60239,-20,-18.24,1.072802186
456,486115,1505,1.67E-05,0.6012218,-18,-18.24,1.066998839
457,488558,1855,2.87E-05,0.6006926,-15,-18.2,1.087212205
458,489949,1391,2.84E-05,0.5990231,-18,-18.16,1.017562747
459,491405,1456,5.59E-06,0.5977712,-18,-18.18,1.059818625
460,492761,1356,1.80E-05,0.5964608,-19,-18.18,1.025315166
461,494529,1768,5.79E-05,0.5952404,-16,-18.14,1.075084448
462,496093,1564,5.39E-06,0.5936492,-19,-18.18,1.045475721
463,497456,1363,7.84E-06,0.5922416,-19,-18.16,1.08861208
464,498845,1389,0.000226282,0.5910149,-20,-18.18,1.093779445
465,500110,1265,1.83E-05,0.5897648,-20,-18.18,1.094318509
466,501682,1572,2.49E-05,0.5886263,-20,-18.2,1.125962377
467,503369,1687,0.000343157,0.5872115,-16,-18.14,1.0798558
468,504607,1238,1.83E-05,0.5856932,-20,-18.18,1.0962044
469,506136,1529,2.87E-05,0.584579,-18,-18.2,1.079494953
470,507403,1267,0.000110922,0.5832029,-19,-18.2,1.085477352
471,508823,1420,2.82E-05,0.5820626,-18,-18.18,1.134516358
472,510395,1572,3.05E-05,0.5807846,-16,-18.16,1.119766831
473,511648,1253,2.08E-05,0.5793698,-19,-18.16,1.133646607
474,513158,1510,8.81E-06,0.5782421,-17,-18.12,1.117615223
475,514643,1485,5.74E-05,0.5768831,-18,-18.14,1.173180223
476,516192,1549,7.93E-05,0.5755466,-18,-18.16,1.158383727
477,517876,1684,7.61E-06,0.5741525,-15,-18.08,1.15429461
478,519175,1299,3.10E-05,0.5726369,-18,-18.02,1.14655292
479,520273,1098,1.53E-05,0.5714678,-19,-18.04,1.084421515
480,521313,1040,3.33E-05,0.5704796,-20,-18.08,1.106196284
481,522837,1524,0.000108834,0.5695436,-18,-18.08,1.126394629
482,524733,1896,1.60E-05,0.568172,-14,-17.98,1.196086884
483,526002,1269,1.57E-05,0.5664656,-19,-18.04,1.117017388
484,527425,1423,8.83E-06,0.5653235,-19,-18,1.172665119
485,528895,1470,3.12E-05,0.5640428,-18,-17.94,1.213602424
486,530329,1434,1.14E-05,0.5627198,-20,-17.96,1.217099071
487,531455,1126,4.63E-05,0.5614292,-19,-17.96,1.171126604
488,533176,1721,6.82E-06,0.5604158,-18,-18.04,1.208473682
489,534354,1178,7.71E-06,0.5588669,-20,-18.18,1.186929703
490,535708,1354,4.07E-05,0.5578067,-19,-18.2,1.195427537
491,536919,1211,3.33E-05,0.5565881,-18,-18.16,1.214057326
492,538383,1464,2.26E-05,0.5554982,-19,-18.2,1.302014589
493,539693,1310,3.82E-06,0.5541806,-19,-18.22,1.261441231
494,540844,1151,2.43E-05,0.5530016,-20,-18.26,1.215574026
495,542480,1636,2.21E-05,0.5519657,-17,-18.26,1.2780509
496,544103,1623,2.06E-05,0.5504933,-16,-18.18,1.270699024
497,545424,1321,2.01E-05,0.5490326,-20,-18.26,1.200125456
498,547018,1594,2.37E-05,0.5478437,-19,-18.32,1.325399995
499,548638,1620,7.23E-05,0.5464091,-16,-18.24,1.320671797
500,549930,1292,7.14E-06,0.5449511,-20,-18.3,1.297637939
501,551126,1196,2.02E-05,0.5437883,-20,-18.36,1.330387592
502,552430,1304,2.93E-05,0.5427119,-19,-18.32,1.294313073
503,553739,1309,0.000128212,0.5415383,-20,-18.4,1.330722451
504,556025,1760,5.36E-05,0.5410649,-16,-18.32,1.374994755
505,557200,1175,3.15E-05,0.5394809,-21,-18.34,1.319803596
506,558734,1534,2.44E-05,0.5384234,-20,-18.38,1.345954895
507,560172,1438,1.13E-05,0.5370428,-19,-18.46,1.356331944
508,561746,1574,1.15E-05,0.5357486,-18,-18.46,1.394565582
509,563028,1282,5.84E-05,0.534332,-18,-18.46,1.349315286
510,564530,1502,1.17E-05,0.5331782,-18,-18.44,1.394112825
511,565865,1335,1.37E-05,0.5318264,-20,-18.52,1.415499091
512,567770,1905,0.000287439,0.5306249,-16,-18.46,1.424666762
513,568980,1210,3.20E-05,0.5289104,-20,-18.48,1.395039558
514,570221,1241,5.51E-05,0.5278214,-21,-18.5,1.369127154
515,571560,1339,1.46E-05,0.5267045,-20,-18.5,1.398875475
516,573078,1518,4.71E-05,0.5254994,-17,-18.44,1.405192018
517,574545,1467,3.21E-05,0.5241332,-17,-18.46,1.444746137
518,575676,1131,0.000180849,0.5228129,-19,-18.44,1.440648794
519,577083,1407,4.18E-05,0.521795,-18,-18.44,1.477567554
520,579073,1990,1.53E-05,0.5205287,-15,-18.36,1.522689342
521,580453,1380,7.02E-05,0.5187377,-17,-18.34,1.447950363
522,581960,1507,6.29E-06,0.5174957,-18,-18.38,1.493059397
523,583156,1196,6.12E-06,0.5161394,-21,-18.42,1.460500002
524,584814,1658,9.79E-05,0.515063,-18,-18.44,1.510549545
525,586693,1879,4.24E-05,0.5135708,-16,-18.4,1.521533489
526,588260,1567,3.43E-05,0.5118797,-17,-18.38,1.513719916
527,590052,1792,5.84E-05,0.5104694,-16,-18.4,1.550293088
528,591262,1210,6.00E-05,0.5088566,-20,-18.44,1.466284633
529,592880,1618,8.19E-05,0.5077676,-16,-18.38,1.504084945
530,594697,1817,2.26E-05,0.5063114,-15,-18.28,1.566003442
531,596180,1483,1.64E-05,0.5046761,-18,-18.28,1.531359911
532,597781,1601,6.72E-06,0.5033414,-16,-18.32,1.574870825
533,599429,1648,6.35E-05,0.5019005,-17,-18.28,1.557119727
534,601520,2091,1.25E-05,0.5004173,-15,-18.2,1.625590563
535,603178,1658,0.000124205,0.4985354,-18,-18.2,1.555964947
536,604834,1656,2.43E-05,0.4970432,-19,-18.18,1.573149323
537,605980,1146,1.20E-05,0.4955528,-20,-18.2,1.563506246
538,607477,1497,2.55E-05,0.4945214,-20,-18.24,1.52562499
539,609015,1538,1.81E-05,0.4931741,-19,-18.22,1.569131851
540,610572,1557,5.16E-05,0.4917899,-21,-18.26,1.522128224
541,611804,1232,6.79E-06,0.4903886,-19,-18.28,1.5237782
542,613406,1602,6.46E-06,0.4892798,-17,-18.24,1.581410408
543,614862,1456,2.69E-05,0.487838,-17,-18.2,1.553516746
544,616342,1480,8.91E-06,0.4865276,-19,-18.18,1.531663775
545,617834,1492,2.38E-05,0.4851956,-16,-18.16,1.569742203
546,619306,1472,5.94E-06,0.4838528,-18,-18.2,1.569595337
547,620678,1372,4.95E-05,0.482528,-19,-18.18,1.56454134
548,622185,1507,7.57E-05,0.4812932,-19,-18.18,1.572008371
549,623285,1100,4.08E-05,0.4799369,-20,-18.26,1.506586194
550,624668,1383,0.000130205,0.4789469,-19,-18.24,1.548372626
551,626469,1801,1.63E-05,0.4777022,-19,-18.22,1.528771758
552,627716,1247,1.13E-05,0.4760813,-21,-18.26,1.481036663
553,629040,1324,1.01E-05,0.474959,-18,-18.22,1.484186769
554,630886,1846,7.63E-05,0.4737674,-18,-18.26,1.564530015
555,632565,1679,3.10E-05,0.472106,-19,-18.22,1.535968542
556,633867,1302,1.61E-05,0.4705949,-20,-18.22,1.495604992
557,635636,1769,1.62E-05,0.4694231,-16,-18.16,1.585283875
558,637484,1848,2.48E-05,0.467831,-15,-18.1,1.58993566
559,639033,1549,3.23E-05,0.4661678,-17,-18.08,1.536197424
560,640672,1639,0.000109509,0.4647737,-20,-18.12,1.56183362
561,642677,2005,2.67E-05,0.4632986,-14,-18,1.558231831
562,644066,1389,2.24E-05,0.4614941,-17,-18.02,1.568216801
563,645557,1491,1.32E-05,0.460244,-17,-17.96,1.59292686
564,647240,1683,3.42E-05,0.4589021,-18,-17.9,1.569188714
565,649092,1852,7.13E-05,0.4573874,-17,-17.84,1.596422911
566,650895,1803,0.000205974,0.4557206,-16,-17.82,1.626951694
567,652359,1464,2.26E-05,0.4540979,-19,-17.86,1.565343261
568,654390,2031,1.48E-05,0.4527803,-17,-17.82,1.628870606
569,656158,1768,1.27E-05,0.4509524,-13,-17.72,1.686180234
570,657665,1507,1.41E-05,0.4493612,-17,-17.76,1.672534347
571,659359,1694,0.000214964,0.4480049,-20,-17.82,1.641479373
572,661118,1759,2.22E-05,0.4464803,-17,-17.8,1.677597165
573,662540,1422,6.23E-05,0.4448972,-17,-17.72,1.664748549
574,664205,1665,2.63E-05,0.4436174,-18,-17.72,1.658452868
575,665612,1407,0.000263514,0.4421189,-19,-17.78,1.684892058
576,667637,2025,2.78E-05,0.4408526,-14,-17.72,1.717603683
577,669064,1427,0.000318417,0.4390301,-19,-17.78,1.59743917
578,670629,1565,2.65E-05,0.4377458,-19,-17.76,1.664643168
579,672577,1948,9.78E-06,0.4363373,-16,-17.76,1.6752882
580,674771,2194,2.84E-05,0.4345841,-12,-17.7,1.685412645
581,676249,1478,4.11E-05,0.4326095,-20,-17.74,1.619874358
582,678213,1964,0.00012243,0.4312793,-19,-17.8,1.676461339
583,680018,1805,6.20E-05,0.4295117,-19,-17.84,1.703436613
584,681545,1527,0.000104344,0.4278872,-19,-17.92,1.640254855
585,683451,1906,2.98E-05,0.4265129,-16,-17.88,1.683518171
586,685112,1661,0.000178727,0.4247975,-16,-17.82,1.707673907
587,686889,1777,0.000720777,0.4233026,-17,-17.76,1.735193253
588,689064,2175,5.68E-05,0.4217033,-16,-17.68,1.753124952
589,690591,1527,5.41E-05,0.4197458,-20,-17.7,1.672731638
590,692227,1636,2.40E-05,0.4183715,-20,-17.68,1.696262479
591,694941,2121,5.46E-06,0.4178378,-15,-17.6,1.768139362
592,696674,1733,2.99E-05,0.4159289,-17,-17.6,1.755905628
593,698623,1949,0.000194719,0.4143692,-15,-17.56,1.736933112
594,700210,1587,3.89E-05,0.4126151,-17,-17.52,1.7475878
595,702202,1992,7.46E-05,0.4111868,-18,-17.56,1.748936176
596,704267,2065,6.37E-06,0.409394,-15,-17.5,1.800379038
597,705920,1653,3.26E-05,0.4075355,-17,-17.46,1.74086833
598,707739,1819,0.000236719,0.4060478,-18,-17.44,1.758770227
599,709623,1884,9.68E-05,0.4044107,-17,-17.38,1.755394936
600,711951,2328,4.35E-05,0.4027151,-18,-17.36,1.728225589
601,714041,2090,6.35E-05,0.4006199,-15,-17.28,1.75672555
602,715641,1600,5.62E-05,0.3987389,-18,-17.22,1.765966773
603,717812,2171,4.80E-05,0.3972989,-18,-17.22,1.734236002
604,719211,1399,3.02E-05,0.395345,-20,-17.26,1.749247193
605,720924,1713,1.68E-05,0.3940859,-19,-17.26,1.708488822
606,722467,1543,5.29E-05,0.3925442,-17,-17.2,1.759636879
607,724239,1772,0.000121427,0.3911555,-20,-17.28,1.76741147
608,726163,1924,0.000505162,0.3895607,-17,-17.32,1.830346107
609,728354,2191,3.12E-05,0.3878291,-16,-17.3,1.839102983
610,730461,2107,3.03E-05,0.3858572,-13,-17.16,1.854432464
611,732468,2007,6.30E-05,0.3839609,-17,-17.22,1.839768887
612,734185,1717,1.50E-05,0.3821546,-20,-17.28,1.857302666
613,736341,2156,3.08E-05,0.3806093,-17,-17.28,1.866333723
614,738387,2046,1.01E-05,0.3786689,-14,-17.2,1.915083885
615,740387,2000,1.38E-05,0.3768275,-15,-17.16,1.896962523
616,742709,2322,8.31E-05,0.3750275,-14,-17.12,1.892464757
617,744156,1447,5.32E-05,0.3729377,-19,-17.12,1.944562554
618,746260,1968,0.000503368,0.3728153,-16,-17.1,1.904384375
619,748015,1755,6.05E-05,0.3710441,-17,-17.18,1.929531455
620,749986,1971,0.000707137,0.3694646,-15,-17.14,1.89887464
621,751959,1973,0.000413055,0.3676907,-18,-17.1,1.860367656
622,754041,2082,5.90E-05,0.365915,-15,-17.06,1.892237902
623,755958,1917,4.68E-05,0.3640412,-15,-17.02,1.913741827
624,757434,1476,0.000204442,0.3623159,-18,-17.02,1.970709085
625,759439,2005,0.000101969,0.3609875,-15,-16.94,1.988363385
626,761510,2071,6.88E-05,0.359183,-15,-16.96,1.946614623
627,763923,2413,6.82E-05,0.3573191,-13,-16.84,1.963125348
628,765681,1758,7.98E-05,0.3551474,-18,-16.82,1.911594152
629,767535,1854,3.52E-05,0.3535652,-15,-16.8,1.944260001
630,769286,1751,3.94E-05,0.3518966,-18,-16.92,1.908365726
631,771426,2140,8.82E-05,0.3503207,-13,-16.78,1.933882117
632,773110,1684,0.005643754,0.3483947,-17,-16.74,1.898151875
633,774974,1864,3.28E-05,0.3468791,-17,-16.7,1.917359352
634,776816,1842,0.000162207,0.3452015,-18,-16.68,1.975355864
635,778733,1917,8.83E-05,0.3435437,-16,-16.68,1.963194132
636,781006,2273,1.03E-05,0.3418184,-15,-16.66,1.982433438
637,782840,1834,0.000157545,0.3397727,-14,-16.6,2.020198345
638,784984,2144,8.30E-05,0.3381221,-16,-16.6,1.962759852
639,786976,1992,4.27E-05,0.3361925,-18,-16.56,2.020440578
640,788999,2023,1.67E-05,0.3343997,-16,-16.48,2.007667303
641,790866,1867,1.91E-05,0.332579,-14,-16.46,2.03693223
642,792280,1414,0.000107167,0.3308987,-20,-16.52,2.023097992
643,794084,1804,4.88E-05,0.3296261,-18,-16.58,1.957008004
644,795826,1742,2.59E-05,0.3280025,-19,-16.62,2.00001955
645,797950,2124,0.000203862,0.3264347,-14,-16.54,2.041596889
646,800608,2658,0.00010167,0.3245231,-15,-16.54,2.007692099
647,802236,1628,2.93E-05,0.3221309,-19,-16.58,2.036133766
648,804513,2277,3.31E-05,0.3206657,-13,-16.48,2.069185734
649,806218,1705,0.000104816,0.3186164,-17,-16.48,2.089887142
650,807929,1711,0.000102932,0.3170819,-18,-16.48,2.068040371
651,809996,2067,0.000172616,0.315542,-16,-16.5,2.0742805
652,811947,1951,7.33E-05,0.3136817,-16,-16.46,2.061667919
653,813948,2001,0.000161836,0.3119258,-17,-16.44,2.066375494
654,815668,1720,3.77E-05,0.3101249,-19,-16.42,2.052124023
655,817498,1830,8.30E-05,0.3085769,-17,-16.38,2.038915157
656,819494,1996,1.04E-05,0.3069299,-16,-16.36,2.02108264
657,821178,1684,2.14E-05,0.3051335,-18,-16.32,2.04407835
658,823173,1995,4.72E-05,0.3036179,-19,-16.36,2.048683882
659,825089,1916,0.000868428,0.3018224,-18,-16.4,2.025901556
660,827793,2704,3.02E-05,0.300098,-16,-16.46,2.092693567
661,829883,2090,4.96E-05,0.2976644,-18,-16.48,2.106562614
662,831674,1791,0.000177127,0.2957834,-18,-16.44,2.121642113
663,833440,1766,1.93E-05,0.2941715,-16,-16.42,2.117938519
664,835366,1926,7.32E-05,0.2925821,-18,-16.5,2.102355957
665,837233,1867,6.09E-05,0.2908487,-13,-16.46,2.154467821
666,838917,1684,2.32E-05,0.2891684,-15,-16.48,2.18874073
667,840756,1839,2.38E-05,0.2876528,-17,-16.44,2.153286934
668,842288,1532,1.99E-05,0.2859977,-18,-16.48,2.140994787
669,844662,2374,3.66E-05,0.2846189,-17,-16.48,2.119045973
670,846637,1975,7.05E-05,0.2824823,-17,-16.52,2.130798101
671,848583,1946,0.000211437,0.2807048,-14,-16.44,2.167724609
672,850301,1718,2.47E-05,0.2789534,-19,-16.52,2.107845306
673,852123,1822,1.12E-05,0.2774072,-18,-16.58,2.130664349
674,853984,1861,9.43E-06,0.2757674,-18,-16.58,2.115032911
675,855831,1847,3.81E-05,0.2740925,-16,-16.6,2.161106348
676,857570,1739,1.82E-05,0.2724302,-16,-16.62,2.187019348
677,859586,2016,7.47E-05,0.2708651,-15,-16.66,2.175051689
678,861214,1628,0.000188653,0.2690507,-18,-16.66,2.146477222
679,862949,1735,0.002713164,0.2675855,-20,-16.76,2.127494097
680,865179,2230,2.68E-05,0.266024,-12,-16.64,2.199541092
681,867377,2198,2.90E-05,0.264017,-15,-16.68,2.160450459
682,869463,2086,0.000112881,0.2620388,-15,-16.64,2.199869156
683,871206,1743,6.81E-06,0.2601614,-18,-16.66,2.21387887
684,873536,2330,4.40E-05,0.2585927,-16,-16.62,2.198003292
685,875812,1855,0.000213523,0.2582138,-17,-16.64,2.250026941
686,878165,2353,0.000115588,0.2565443,-16,-16.66,2.217813492
687,880657,2492,4.21E-05,0.2544266,-14,-16.66,2.275337219
688,882771,2114,1.40E-05,0.2521838,-16,-16.66,2.248888493
689,885123,2352,0.000128672,0.2502812,-16,-16.62,2.189908266
690,887161,2038,2.35E-05,0.2481644,-16,-16.62,2.218088627
691,889395,2234,1.86E-05,0.2463302,-15,-16.64,2.20213747
692,891673,2278,0.000472488,0.2443196,-16,-16.56,2.192335606
693,893832,2159,1.10E-05,0.2422694,-18,-16.56,2.203372478
694,895710,1878,2.47E-05,0.2403263,-15,-16.48,2.288260937
695,897759,2049,0.000164342,0.2386361,-16,-16.52,2.249997854
696,899475,1716,0.000159885,0.236792,-21,-16.64,2.226073265
697,901466,1991,3.66E-05,0.2352476,-17,-16.6,2.261405945
698,903224,1758,0.000169337,0.2334557,-17,-16.68,2.225686312
699,905257,2033,2.62E-05,0.2318735,-16,-16.66,2.262097597
700,907598,2341,4.06E-05,0.2300438,-12,-16.54,2.262362242
701,909445,1847,9.64E-05,0.2279369,-16,-16.54,2.250344276
702,911553,2108,2.39E-05,0.2262746,-13,-16.48,2.285107136
703,913386,1833,3.27E-05,0.2243774,-15,-16.44,2.219878197
704,915282,1896,0.000287254,0.2227277,-15,-16.36,2.298541307
705,917320,2038,0.000176057,0.2210213,-18,-16.38,2.230417013
706,919063,1743,0.000103858,0.2191871,-15,-16.36,2.254453897
707,920570,1507,2.85E-05,0.2176184,-20,-16.4,2.247042656
708,922898,2328,0.00120378,0.2162621,-14,-16.3,2.266999245
709,925182,2284,0.000128595,0.2141669,-17,-16.28,2.242317915
710,927165,1983,5.30E-05,0.2121113,-15,-16.26,2.279888868
711,929195,2030,3.70E-05,0.2103266,-16,-16.22,2.25800705
712,931446,2251,4.17E-05,0.2084996,-11,-16.08,2.333754778
713,933325,1879,2.96E-05,0.2064737,-16,-16.08,2.314276934
714,935389,2064,1.67E-05,0.2047826,-18,-16.08,2.296345472
715,937384,1995,2.29E-05,0.202925,-16,-16.14,2.30635643
716,939369,1985,0.000155838,0.2011295,-15,-16.14,2.358731031
717,941739,2370,2.07E-05,0.199343,-17,-16.14,2.26374197
718,943732,1993,3.33E-05,0.19721,-18,-16.14,2.324843884
719,945543,1811,3.34E-05,0.1954163,-17,-16.14,2.312930346
720,947633,2090,0.000107165,0.1937864,-15,-16.1,2.340151072
721,949476,1843,0.00013552,0.1919054,-18,-16.18,2.324719667
722,951825,2349,0.000143382,0.1902467,-12,-16.04,2.353612423
723,953581,1756,4.58E-05,0.1881326,-17,-16.02,2.369927645
724,955485,1904,0.000384719,0.1865522,-18,-16.02,2.343647003
725,957673,2188,0.000229033,0.1848386,-14,-15.98,2.361977577
726,959877,2204,5.81E-05,0.1828694,-13,-15.92,2.377237797
727,962074,2197,8.29E-05,0.1808858,-14,-15.9,2.338150263
728,964109,2035,3.83E-05,0.1789085,-18,-15.9,2.377017736
729,966195,2086,4.05E-05,0.177077,-16,-15.82,2.377866983
730,968435,2240,4.22E-05,0.1751996,-16,-15.9,2.346796036
731,970381,1946,3.60E-05,0.1731836,-16,-15.92,2.372293711
732,972810,2429,3.54E-05,0.1714322,-15,-15.92,2.349555969
733,975226,2416,0.000108732,0.1692461,-14,-15.84,2.362530231
734,977471,2245,2.68E-05,0.1670717,-17,-15.86,2.376242876
735,979415,1944,1.57E-05,0.1650512,-12,-15.76,2.420249462
736,981324,1909,0.00010901,0.1633016,-18,-15.8,2.337865353
737,983366,2042,1.05E-05,0.1615835,-16,-15.84,2.377277851
738,985675,2309,1.91E-05,0.1597457,-13,-15.78,2.268733263
739,987924,2249,3.90E-05,0.1576676,-16,-15.78,2.268875837
740,989441,1517,8.17E-05,0.1556435,-20,-15.86,2.254167557
741,991530,2089,0.000126394,0.1542782,-15,-15.86,2.283045053
742,993729,2199,7.95E-05,0.1523981,-15,-15.84,2.278459549
743,996070,2341,3.93E-05,0.150419,-16,-15.8,2.234349966
744,998119,2049,3.22E-05,0.1483121,-16,-15.82,2.237921715
745,1000981,2862,7.45E-05,0.146468,-10,-15.7,2.269536257
746,1003128,2147,0.002465121,0.1438922,-15,-15.58,2.268181562
747,1005327,2199,3.95E-05,0.1419599,-17,-15.58,2.240824461
748,1007620,2293,6.05E-05,0.1399808,-13,-15.5,2.238881111
749,1009950,2330,3.15E-05,0.1379171,-15,-15.48,2.240055084
750,1011575,1625,6.38E-05,0.1358201,-20,-15.64,2.20223856
751,1014028,1785,0.000723562,0.1352189,-17,-15.66,2.230598688
752,1015839,1811,2.86E-05,0.1336124,-15,-15.7,2.23301959
753,1018071,2232,0.000180571,0.1319825,-14,-15.68,2.234245062
754,1020568,2497,2.36E-05,0.1299737,-15,-15.68,2.190882206
755,1022528,1960,0.000116613,0.1277264,-19,-15.7,2.203336716
756,1024276,1748,0.00012494,0.1259624,-19,-15.78,2.221037149
757,1026327,2051,2.71E-05,0.1243892,-16,-15.7,2.235574007
758,1028139,1812,5.56E-05,0.1225433,-17,-15.76,2.245718718
759,1030047,1908,0.000415511,0.1209125,-17,-15.76,2.248284578
760,1032180,2133,0.000112101,0.1191953,-17,-15.8,2.204986095
761,1034504,2324,1.84E-05,0.1172756,-15,-15.78,2.229408264
762,1036109,1605,0.000171386,0.115184,-20,-15.96,2.186998844
763,1037862,1753,5.05E-05,0.1137395,-17,-15.98,2.211089134
764,1039936,2074,2.89E-05,0.1121618,-15,-15.92,2.272740126
765,1042173,2237,9.03E-05,0.1102952,-12,-15.84,2.276824474
766,1044165,1992,1.91E-05,0.1082819,-18,-15.9,2.231304169
767,1045957,1792,4.16E-05,0.1064891,-16,-15.88,2.240557909
768,1047624,1667,9.02E-05,0.1048763,-18,-15.88,2.205351353
769,1049834,2210,3.14E-05,0.103376,-13,-15.8,2.307225704
770,1051430,1596,4.21E-05,0.101387,-19,-15.88,2.215585947
771,1053387,1957,2.95E-05,0.0999506,-18,-15.88,2.175856352
772,1055417,2030,0.000431911,0.0999506,-16,-15.96,2.245129108
773,1057500,2083,1.11E-05,0.0999506,-14,-15.9,2.248150587
774,1059654,2154,8.51E-05,0.0999506,-14,-15.82,2.248175144
775,1061456,1802,5.05E-05,0.0999506,-17,-15.88,2.247398138
776,1063229,1773,2.39E-05,0.0999506,-16,-15.94,2.231147766
777,1065322,2093,2.00E-05,0.0999506,-17,-16,2.22525239
778,1067494,2172,5.33E-05,0.0999506,-13,-15.9,2.23904562
779,1069308,1814,5.24E-05,0.0999506,-17,-15.92,2.221641302
780,1071593,2285,0.000239314,0.0999506,-15,-15.9,2.246581078
781,1073510,1917,3.40E-05,0.0999506,-15,-15.88,2.234348297
782,1075705,2195,3.68E-05,0.0999506,-18,-15.94,2.22203517
783,1077660,1955,7.85E-05,0.0999506,-15,-15.96,2.22431922
784,1079848,2188,7.31E-05,0.0999506,-13,-15.88,2.253269672
785,1081796,1948,8.20E-05,0.0999506,-15,-15.94,2.244084835
786,1084216,2420,0.00019489,0.0999506,-15,-15.88,2.267690182
787,1086777,2561,5.51E-05,0.0999506,-14,-15.84,2.266578197
788,1089473,2696,3.01E-05,0.0999506,-10,-15.78,2.288574696
789,1092442,2969,0.000152254,0.0999506,-7,-15.6,2.276205301
790,1095037,2595,6.01E-05,0.0999506,-13,-15.46,2.227897406
791,1097893,2856,2.06E-05,0.0999506,-12,-15.4,2.239513636
792,1100268,2375,9.13E-05,0.0999506,-15,-15.4,2.220952272
793,1102236,1968,2.79E-05,0.0999506,-16,-15.4,2.216387272
794,1104531,2295,0.000216165,0.0999506,-12,-15.32,2.241067171
795,1106945,2414,0.000920051,0.0999506,-15,-15.42,2.228556871
796,1109171,2226,7.69E-05,0.0999506,-14,-15.4,2.221483469
797,1111233,2062,0.000113394,0.0999506,-16,-15.38,2.200742722
798,1113042,1809,5.27E-05,0.0999506,-16,-15.44,2.212287664
799,1114942,1900,7.02E-05,0.0999506,-19,-15.52,2.201049089
800,1117189,2247,1.50E-05,0.0999506,-18,-15.48,2.162115574
801,1119844,2655,3.43E-05,0.0999506,-11,-15.36,2.239103794
802,1122535,2691,4.86E-05,0.0999506,-8,-15.22,2.234756947
803,1125335,2800,2.61E-05,0.0999506,-8,-15.1,2.210142374
804,1127841,2506,4.90E-05,0.0999506,-14,-15.08,2.21497345
805,1129819,1978,9.90E-06,0.0999506,-15,-15,2.187996626
806,1131629,1664,0.000713728,0.0998686,-18,-14.98,2.207971096
807,1134141,2512,2.84E-05,0.098371,-12,-14.9,2.244831562
808,1136429,2288,3.32E-05,0.0961102,-14,-14.84,2.254263163
809,1138785,2356,6.45E-05,0.094051,-14,-14.78,2.257514715
810,1141249,2464,5.87E-05,0.0919306,-9,-14.62,2.271175623
811,1143596,2347,0.000215298,0.089713,-15,-14.62,2.215016842
812,1145522,1926,2.63E-05,0.0876007,-17,-14.56,2.193092585
813,1148292,2770,3.72E-05,0.0858673,-9,-14.4,2.248780251
814,1150917,2625,0.000111929,0.0833743,-9,-14.28,2.226860762
815,1152890,1973,3.79E-05,0.0810118,-13,-14.3,2.25013423
816,1154688,1798,5.96E-05,0.0792361,-19,-14.32,2.182743549
817,1156993,2305,7.61E-05,0.0776179,-10,-14.2,2.239147663
818,1158936,1943,7.60E-05,0.0755434,-14,-14.12,2.21558404
819,1161425,2489,1.72E-05,0.0737947,-16,-14.18,2.174763203
820,1163729,2304,0.000169295,0.0737947,-11,-14.02,2.24307704
821,1166099,2370,6.35E-05,0.0737947,-13,-13.92,2.197131395
822,1168437,2338,8.95E-05,0.0737947,-11,-13.82,2.235642672
823,1170590,2153,9.02E-05,0.0737947,-17,-13.88,2.183212757
824,1172859,2269,4.03E-05,0.0737947,-16,-13.92,2.211929798
825,1175343,2484,7.19E-05,0.0737947,-9,-13.76,2.272790909
826,1177720,2377,0.000112164,0.0737947,-15,-13.74,2.205714464
827,1179497,1777,1.73E-05,0.0737947,-19,-13.78,2.180275202
828,1181782,2285,0.000136389,0.0737947,-16,-13.84,2.231824875
829,1183833,2051,4.21E-05,0.0737947,-16,-13.82,2.217936516
830,1186442,2609,2.66E-05,0.0737947,-10,-13.72,2.252006769
831,1188206,1764,0.000124484,0.0737947,-19,-13.8,2.180753708
832,1190752,2546,3.14E-05,0.0737947,-14,-13.72,2.241795301
833,1193007,2255,0.000103916,0.0737947,-19,-13.8,2.220994949
834,1196176,3169,0.000164189,0.0737947,-8,-13.7,2.233989239
835,1198544,2368,8.86E-06,0.0737947,-12,-13.64,2.289949179
836,1200911,2367,2.63E-05,0.0737947,-11,-13.56,2.278146505
837,1203019,2108,3.35E-05,0.0737947,-15,-13.58,2.288352966
838,1205400,2381,2.61E-05,0.0737947,-13,-13.64,2.291859627
839,1207364,1964,7.40E-05,0.0737947,-18,-13.86,2.250751019
840,1209444,2080,0.000105387,0.0737947,-17,-13.94,2.243277311
841,1211606,2162,2.54E-05,0.0737947,-15,-14,2.246067047
842,1213752,2146,8.72E-05,0.0737947,-14,-13.98,2.299061537
843,1215975,2223,4.60E-05,0.0737947,-17,-14,2.267163754
844,1217937,1962,8.39E-05,0.0737947,-18,-14.12,2.227910519
845,1220539,2602,0.00029864,0.0737947,-12,-14.06,2.294224501
846,1222823,2284,1.12E-05,0.0737947,-16,-14.1,2.319879293
847,1225361,2538,2.83E-05,0.0737947,-16,-14.1,2.269628286
848,1227600,2239,8.06E-05,0.0737947,-15,-14.08,2.287109137
849,1229979,2379,0.000172809,0.0737947,-12,-13.94,2.314461708
850,1232523,2544,6.97E-05,0.0737947,-12,-13.82,2.349417925
851,1235038,2515,0.000101656,0.0737947,-15,-13.9,2.287278652
852,1237320,2282,6.80E-05,0.0737947,-17,-14.08,2.282753229
853,1239509,2189,0.000180452,0.0737947,-18,-14.28,2.278544903
854,1242005,2496,1.09E-05,0.0737947,-14,-14.28,2.369097948
855,1244797,2792,3.55E-05,0.0737947,-12,-14.22,2.372610331
856,1246940,2143,7.54E-05,0.0737947,-15,-14.16,2.388087034
857,1249415,2475,0.000114323,0.0737947,-13,-14.18,2.367825031
858,1252388,2973,5.94E-05,0.0737947,-8,-14.06,2.4003613
859,1255633,3245,7.20E-05,0.0737947,-8,-13.94,2.38662219
860,1258132,2499,3.25E-05,0.0737947,-12,-14,2.378678799
861,1260465,2333,3.11E-05,0.0737947,-16,-14.02,2.3348248
862,1263372,2907,1.51E-05,0.0737947,-16,-14,2.284998178
863,1266042,1854,0.00032251,0.0992656,-16,-14.14,2.390242815
864,1268727,2685,5.27E-05,0.097597,-10,-14.16,2.435633898
865,1270311,1584,3.50E-05,0.0951805,-16,-14.22,2.409563541
866,1272866,2555,1.77E-05,0.0937549,-9,-14.02,2.418258429
867,1275484,2618,2.15E-05,0.0914554,-12,-14.06,2.379444838
868,1277671,2187,7.30E-05,0.0890992,-14,-14.06,2.415534258
869,1280015,2344,0.002001934,0.0871309,-10,-13.94,2.424023151
870,1282042,2027,0.020767229,0.0850213,-12,-13.96,2.488020658
871,1284406,2364,0.000107878,0.083197,-12,-13.94,2.419617414
872,1287138,2732,7.52E-05,0.0810694,-10,-13.92,2.427885294
873,1289383,2245,0.00023194,0.0786106,-14,-13.86,2.42766428
874,1291648,2265,1.43E-05,0.0765901,-18,-13.9,2.369073391
875,1293959,2311,6.81E-05,0.0745516,-14,-14,2.422420502
876,1296342,2383,0.000205364,0.0745516,-14,-13.98,2.439460278
877,1298447,2105,0.000138828,0.0745516,-12,-13.84,2.478588343
878,1300799,2352,4.07E-05,0.0745516,-12,-13.76,2.40848732
879,1302786,1987,0.006213409,0.0745516,-16,-13.76,2.402792931
880,1304965,2179,5.21E-05,0.0745516,-13,-13.82,2.467510462
881,1307586,2621,4.60E-05,0.0745516,-12,-13.68,2.412539244
882,1310453,2867,1.65E-05,0.0745516,-8,-13.56,2.406250715
883,1312863,2410,3.30E-05,0.0745516,-15,-13.48,2.367305756
884,1314930,2067,3.62E-05,0.0745516,-15,-13.62,2.41871953
885,1317723,2793,6.98E-05,0.0745516,-8,-13.54,2.432651043
886,1319668,1945,0.00016646,0.0745516,-18,-13.68,2.406655073
887,1322617,2949,2.04E-05,0.0745516,-12,-13.62,2.388553381
888,1325083,2466,4.85E-05,0.0745516,-9,-13.54,2.418109417
889,1327239,2156,9.80E-05,0.0745516,-14,-13.46,2.393229961
890,1328790,1551,0.000102553,0.0745516,-18,-13.48,2.369925976
891,1331353,2563,0.000392186,0.0745516,-6,-13.3,2.459073305
892,1333284,1931,3.29E-05,0.0745516,-13,-13.28,2.412257671
893,1334938,1654,3.20E-05,0.0745516,-19,-13.32,2.340174198
894,1337314,2376,1.31E-05,0.0745516,-15,-13.26,2.346215963
895,1339496,2182,4.18E-05,0.0745516,-14,-13.3,2.298322916
896,1341687,2191,0.000122337,0.0745516,-16,-13.3,2.270956039
897,1344631,2944,0.000211302,0.0745516,-8,-13.14,2.271648169
898,1347031,2400,0.00011291,0.0745516,-14,-13.12,2.17645216
899,1349338,2307,2.16E-05,0.0745516,-14,-13.16,2.162519932
900,1351623,2285,2.43E-05,0.0745516,-14,-13.2,2.221331358
901,1353755,2132,0.000102838,0.0745516,-14,-13.18,2.198079586
902,1356547,2792,4.50E-05,0.0745516,-9,-13.02,2.210223198
903,1358491,1944,4.28E-05,0.0745516,-17,-13,2.167685032
904,1361246,2755,9.63E-05,0.0745516,-7,-12.86,2.26822257
905,1363945,2699,1.39E-05,0.0745516,-8,-12.78,2.239942789
906,1366539,2594,1.84E-05,0.0745516,-10,-12.68,2.24937892
907,1369193,2654,5.13E-05,0.0745516,-10,-12.62,2.296150923
908,1371083,1890,3.99E-05,0.0745516,-15,-12.76,2.2714293
909,1373958,2875,7.24E-05,0.0745516,-8,-12.76,2.293486357
910,1376258,2300,0.000203741,0.0745516,-13,-12.78,2.286119223
911,1378600,2342,7.40E-05,0.0745516,-10,-12.66,2.299411058
912,1381728,3128,1.12E-05,0.0745516,-3,-12.4,2.29208374
913,1383617,1889,9.51E-05,0.0745516,-16,-12.4,2.279027939
914,1386628,3011,0.000320805,0.0745516,-3,-12.26,2.303213835
915,1389610,2982,1.41E-05,0.0745516,-7,-12.08,2.325207472
916,1391858,2248,6.27E-05,0.0745516,-14,-12.18,2.265815735
917,1394644,2786,0.000148606,0.0745516,-7,-12.08,2.301589489
918,1397160,2396,5.54E-05,0.099892,-12,-12.04,2.302400589
919,1399290,2130,7.34E-06,0.0977356,-12,-12.08,2.332404375
920,1401849,2559,2.85E-05,0.0958186,-10,-12.04,2.319256067
921,1403931,2082,1.95E-05,0.0935155,-17,-12.14,2.257549286
922,1405544,1613,0.000102256,0.0916417,-16,-12.26,2.242132902
923,1407153,1609,0.000102945,0.09019,-17,-12.32,2.101477861
924,1409568,2415,4.13E-05,0.0887419,-11,-12.18,2.16422224
925,1412004,2436,0.00020573,0.0865684,-7,-12.04,2.240545034
926,1414258,2254,5.28E-05,0.084376,-12,-12,2.149749756
927,1416127,1869,7.82E-05,0.0823474,-14,-12.04,2.173977852
928,1418364,2237,4.51E-05,0.0806653,-11,-12.02,2.194402695
929,1419993,1629,6.66E-05,0.078652,-18,-12.06,2.145562887
930,1421971,1978,3.56E-05,0.0771859,-13,-12.06,2.190856218
931,1424170,2199,7.85E-05,0.0754057,-12,-12.06,2.207417727
932,1426250,2080,0.000163742,0.0734266,-16,-12.22,2.203621864
933,1428783,2533,3.61E-05,0.0734266,-12,-12.16,2.153146744
934,1431280,2497,6.14E-05,0.0734266,-14,-12.14,2.182808399
935,1433128,1848,8.12E-06,0.0734266,-18,-12.34,2.131462812
936,1435481,2353,0.000114259,0.0734266,-14,-12.26,2.169839859
937,1437535,2054,0.000313951,0.0734266,-17,-12.36,2.153803825
938,1439327,1792,5.25E-05,0.0734266,-18,-12.54,2.172944546
939,1441242,1915,8.66E-05,0.0734266,-18,-12.62,2.141763449
940,1443347,2105,0.000218589,0.0734266,-15,-12.56,2.193636417
941,1445284,1937,6.96E-05,0.0734266,-16,-12.76,2.183033943
942,1447159,1875,7.87E-05,0.0734266,-17,-12.84,2.133580208
943,1449284,2125,3.03E-05,0.0734266,-14,-12.74,2.186505318
944,1451350,2066,6.71E-05,0.0734266,-18,-12.8,2.16372633
945,1453267,1917,0.000150178,0.0734266,-17,-12.86,2.130987644
946,1455405,2138,0.000461492,0.0734266,-14,-12.82,2.128684282
947,1457908,2503,0.000397844,0.0734266,-13,-12.92,2.091046095
948,1460250,2342,1.78E-05,0.0734266,-15,-12.94,2.043889046
949,1462500,2250,4.59E-05,0.0734266,-16,-12.98,2.027971745
950,1464628,2128,0.000119481,0.0734266,-16,-13.02,2.058890104
951,1468121,3493,3.93E-05,0.0734266,-6,-12.86,2.073444128
952,1470844,2723,4.69E-05,0.0734266,-14,-12.96,2.036952734
953,1473215,2371,0.000261484,0.0734266,-12,-12.86,2.093197346
954,1475881,2666,1.77E-05,0.0734266,-11,-12.94,2.090794563
955,1478306,2425,2.66E-05,0.0734266,-14,-13.06,2.050168514
956,1481072,2766,3.69E-05,0.0734266,-8,-13.02,2.148450136
957,1483521,2449,3.25E-05,0.0734266,-13,-13.08,2.07628274
958,1485687,2166,4.26E-05,0.0734266,-14,-13.06,2.063252449
959,1488201,2514,3.21E-05,0.0734266,-14,-13.18,2.0595119
960,1490732,2531,0.00011603,0.0734266,-14,-13.2,2.07652688
961,1493049,2317,0.000106063,0.0734266,-16,-13.32,1.995355725
962,1494845,1796,0.000111625,0.0734266,-18,-13.62,2.011686325
963,1496583,1738,9.31E-05,0.0734266,-19,-13.68,2.023885489
964,1498930,2347,8.94E-05,0.0734266,-14,-13.9,2.121958017
965,1502383,3453,6.39E-05,0.0734266,3,-13.7,2.152793169
